{
  "showroom": {
    "precision": 1.0,
    "recall": 1.0,
    "f1-score": 1.0,
    "support": 3,
    "confused_with": {}
  },
  "examine_object": {
    "precision": 1.0,
    "recall": 1.0,
    "f1-score": 1.0,
    "support": 4,
    "confused_with": {}
  },
  "deny": {
    "precision": 0.875,
    "recall": 1.0,
    "f1-score": 0.9333333333333333,
    "support": 7,
    "confused_with": {}
  },
  "affirm": {
    "precision": 1.0,
    "recall": 1.0,
    "f1-score": 1.0,
    "support": 6,
    "confused_with": {}
  },
  "move": {
    "precision": 1.0,
    "recall": 0.9285714285714286,
    "f1-score": 0.962962962962963,
    "support": 14,
    "confused_with": {
      "deny": 1
    }
  },
  "accuracy": 0.9705882352941176,
  "macro avg": {
    "precision": 0.975,
    "recall": 0.9857142857142858,
    "f1-score": 0.9792592592592593,
    "support": 34
  },
  "weighted avg": {
    "precision": 0.9742647058823529,
    "recall": 0.9705882352941176,
    "f1-score": 0.9710239651416122,
    "support": 34
  },
  "micro avg": {
    "precision": 0.9705882352941176,
    "recall": 0.9705882352941176,
    "f1-score": 0.9705882352941176,
    "support": 34
  }
}